<?xml version="1.0"?>
<Cvars>
	<TimePlayed Time="90" />
	<Enemieskilled Total="31" />
	<Ammunitionused Total="92" />
	<Accuracy Percentage="33" />
	<ControlVar_timetocollect Time="3" />
	<ControlVar_timetocollect Time="4" />
	<ControlVar_timetocollect Time="22" />
	<ControlVar_timetocollect Time="2" />
	<ControlVar_timetocollect Time="3" />
	<ControlVar_timetocollect Time="8" />
	<ControlVar_timetocollect Time="2" />
	<ControlVar_timetocollect Time="3" />
	<ControlVar_timetocollect Time="2" />
	<ControlVar_timetocollect Time="1" />
	<ControlVar_timetocollect Time="1" />
	<ControlVar_timetocollect Time="2" />
	<ControlVar_timetocollect Time="2" />
	<ControlVar_timetocollect Time="1" />
	<ControlVar_timetocollect Time="3" />
	<ControlVar_timetocollect Time="0" />
	<ControlVar_timetocollect Time="1" />
	<ControlVar_timetocollect Time="1" />
	<ControlVar_timetocollect Time="2" />
	<ControlVar_timetocollect Time="0" />
</Cvars>
