<?xml version="1.0"?>
<Cvars>
	<TimePlayed Time="99" />
	<Enemieskilled Total="36" />
	<Ammunitionused Total="60" />
	<Accuracy Percentage="60" />
	<ControlVar_timetocollect Time="3" />
	<ControlVar_timetocollect Time="4" />
	<ControlVar_timetocollect Time="7" />
	<ControlVar_timetocollect Time="6" />
	<ControlVar_timetocollect Time="5" />
	<ControlVar_timetocollect Time="1" />
	<ControlVar_timetocollect Time="7" />
	<ControlVar_timetocollect Time="0" />
	<ControlVar_timetocollect Time="0" />
	<ControlVar_timetocollect Time="1" />
	<ControlVar_timetocollect Time="3" />
	<ControlVar_timetocollect Time="4" />
	<ControlVar_timetocollect Time="11" />
</Cvars>
