<?xml version="1.0"?>
<Cvars>
	<TimePlayed Time="120" />
	<Enemieskilled Total="40" />
	<Ammunitionused Total="76" />
	<Accuracy Percentage="52" />
	<ControlVar_timetocollect Time="4" />
	<ControlVar_timetocollect Time="5" />
	<ControlVar_timetocollect Time="6" />
	<ControlVar_timetocollect Time="2" />
	<ControlVar_timetocollect Time="2" />
	<ControlVar_timetocollect Time="1" />
	<ControlVar_timetocollect Time="0" />
	<ControlVar_timetocollect Time="2" />
	<ControlVar_timetocollect Time="2" />
	<ControlVar_timetocollect Time="3" />
	<ControlVar_timetocollect Time="1" />
	<ControlVar_timetocollect Time="2" />
	<ControlVar_timetocollect Time="2" />
</Cvars>
