<?xml version="1.0"?>
<Cvars>
	<TimePlayed Time="104" />
	<Enemieskilled Total="30" />
	<Ammunitionused Total="47" />
	<Accuracy Percentage="63" />
	<ControlVar_timetocollect Time="9" />
	<ControlVar_timetocollect Time="11" />
	<ControlVar_timetocollect Time="13" />
	<ControlVar_timetocollect Time="17" />
	<ControlVar_timetocollect Time="4" />
	<ControlVar_timetocollect Time="0" />
	<ControlVar_timetocollect Time="11" />
	<ControlVar_timetocollect Time="1" />
	<ControlVar_timetocollect Time="35" />
	<ControlVar_timetocollect Time="18" />
	<ControlVar_timetocollect Time="2" />
</Cvars>
