<?xml version="1.0"?>
<Cvars>
	<TimePlayed Time="121" />
	<Enemieskilled Total="30" />
	<Ammunitionused Total="91" />
	<Accuracy Percentage="32" />
	<ControlVar_timetocollect Time="9" />
	<ControlVar_timetocollect Time="13" />
	<ControlVar_timetocollect Time="18" />
	<ControlVar_timetocollect Time="0" />
	<ControlVar_timetocollect Time="18" />
	<ControlVar_timetocollect Time="4" />
	<ControlVar_timetocollect Time="0" />
	<ControlVar_timetocollect Time="37" />
	<ControlVar_timetocollect Time="8" />
	<ControlVar_timetocollect Time="14" />
	<ControlVar_timetocollect Time="4" />
	<ControlVar_timetocollect Time="7" />
	<ControlVar_timetocollect Time="1" />
	<ControlVar_timetocollect Time="1" />
	<ControlVar_timetocollect Time="2" />
	<ControlVar_timetocollect Time="1" />
	<ControlVar_timetocollect Time="2" />
</Cvars>
