<?xml version="1.0"?>
<Cvars>
	<TimePlayed Time="131" />
	<Enemieskilled Total="46" />
	<Ammunitionused Total="56" />
	<Accuracy Percentage="82" />
	<ControlVar_timetocollect Time="3" />
	<ControlVar_timetocollect Time="4" />
	<ControlVar_timetocollect Time="17" />
	<ControlVar_timetocollect Time="2" />
	<ControlVar_timetocollect Time="16" />
	<ControlVar_timetocollect Time="11" />
	<ControlVar_timetocollect Time="5" />
	<ControlVar_timetocollect Time="1" />
	<ControlVar_timetocollect Time="1" />
	<ControlVar_timetocollect Time="2" />
	<ControlVar_timetocollect Time="13" />
	<ControlVar_timetocollect Time="8" />
	<ControlVar_timetocollect Time="59" />
</Cvars>
