<?xml version="1.0"?>
<Cvars>
	<TimePlayed Time="92" />
	<Enemieskilled Total="25" />
	<Ammunitionused Total="48" />
	<Accuracy Percentage="52" />
	<ControlVar_timetocollect Time="2" />
	<ControlVar_timetocollect Time="3" />
	<ControlVar_timetocollect Time="15" />
	<ControlVar_timetocollect Time="2" />
	<ControlVar_timetocollect Time="26" />
	<ControlVar_timetocollect Time="2" />
	<ControlVar_timetocollect Time="20" />
	<ControlVar_timetocollect Time="2" />
	<ControlVar_timetocollect Time="13" />
	<ControlVar_timetocollect Time="3" />
</Cvars>
