<?xml version="1.0"?>
<Cvars>
	<TimePlayed Time="113" />
	<Enemieskilled Total="45" />
	<Ammunitionused Total="59" />
	<Accuracy Percentage="76" />
	<ControlVar_timetocollect Time="1" />
	<ControlVar_timetocollect Time="2" />
	<ControlVar_timetocollect Time="14" />
	<ControlVar_timetocollect Time="0" />
	<ControlVar_timetocollect Time="14" />
	<ControlVar_timetocollect Time="4" />
	<ControlVar_timetocollect Time="7" />
	<ControlVar_timetocollect Time="17" />
	<ControlVar_timetocollect Time="4" />
	<ControlVar_timetocollect Time="0" />
	<ControlVar_timetocollect Time="0" />
	<ControlVar_timetocollect Time="1" />
	<ControlVar_timetocollect Time="12" />
	<ControlVar_timetocollect Time="0" />
	<ControlVar_timetocollect Time="6" />
</Cvars>
