<?xml version="1.0"?>
<Cvars>
	<TimePlayed Time="91" />
	<Enemieskilled Total="30" />
	<Ammunitionused Total="66" />
	<Accuracy Percentage="45" />
	<ControlVar_timetocollect Time="11" />
	<ControlVar_timetocollect Time="17" />
	<ControlVar_timetocollect Time="19" />
	<ControlVar_timetocollect Time="3" />
	<ControlVar_timetocollect Time="5" />
	<ControlVar_timetocollect Time="4" />
	<ControlVar_timetocollect Time="1" />
	<ControlVar_timetocollect Time="2" />
	<ControlVar_timetocollect Time="1" />
	<ControlVar_timetocollect Time="1" />
	<ControlVar_timetocollect Time="2" />
</Cvars>
