<?xml version="1.0"?>
<Cvars>
	<TimePlayed Time="111" />
	<Enemieskilled Total="37" />
	<Ammunitionused Total="55" />
	<Accuracy Percentage="67" />
	<ControlVar_timetocollect Time="2" />
	<ControlVar_timetocollect Time="4" />
	<ControlVar_timetocollect Time="10" />
	<ControlVar_timetocollect Time="4" />
	<ControlVar_timetocollect Time="27" />
	<ControlVar_timetocollect Time="17" />
	<ControlVar_timetocollect Time="22" />
	<ControlVar_timetocollect Time="3" />
	<ControlVar_timetocollect Time="3" />
</Cvars>
