<?xml version="1.0"?>
<Cvars>
	<TimePlayed Time="172" />
	<Enemieskilled Total="50" />
	<Ammunitionused Total="72" />
	<Accuracy Percentage="69" />
	<ControlVar_timetocollect Time="2" />
	<ControlVar_timetocollect Time="3" />
	<ControlVar_timetocollect Time="5" />
	<ControlVar_timetocollect Time="5" />
	<ControlVar_timetocollect Time="9" />
	<ControlVar_timetocollect Time="1" />
	<ControlVar_timetocollect Time="18" />
	<ControlVar_timetocollect Time="2" />
	<ControlVar_timetocollect Time="9" />
	<ControlVar_timetocollect Time="5" />
	<ControlVar_timetocollect Time="8" />
	<ControlVar_timetocollect Time="7" />
	<ControlVar_timetocollect Time="98" />
	<ControlVar_timetocollect Time="19" />
	<ControlVar_timetocollect Time="150" />
	<ControlVar_timetocollect Time="2" />
</Cvars>
