<?xml version="1.0"?>
<Cvars>
	<TimePlayed Time="137" />
	<Enemieskilled Total="37" />
	<Ammunitionused Total="56" />
	<Accuracy Percentage="66" />
	<ControlVar_timetocollect Time="3" />
	<ControlVar_timetocollect Time="4" />
	<ControlVar_timetocollect Time="6" />
	<ControlVar_timetocollect Time="23" />
	<ControlVar_timetocollect Time="0" />
	<ControlVar_timetocollect Time="0" />
	<ControlVar_timetocollect Time="34" />
	<ControlVar_timetocollect Time="13" />
	<ControlVar_timetocollect Time="8" />
	<ControlVar_timetocollect Time="2" />
	<ControlVar_timetocollect Time="18" />
</Cvars>
