<?xml version="1.0"?>
<Cvars>
	<TimePlayed Time="121" />
	<Enemieskilled Total="30" />
	<Ammunitionused Total="39" />
	<Accuracy Percentage="76" />
	<ControlVar_timetocollect Time="4" />
	<ControlVar_timetocollect Time="5" />
	<ControlVar_timetocollect Time="7" />
	<ControlVar_timetocollect Time="11" />
	<ControlVar_timetocollect Time="14" />
	<ControlVar_timetocollect Time="6" />
	<ControlVar_timetocollect Time="28" />
	<ControlVar_timetocollect Time="18" />
	<ControlVar_timetocollect Time="40" />
	<ControlVar_timetocollect Time="21" />
	<ControlVar_timetocollect Time="6" />
	<ControlVar_timetocollect Time="6" />
	<ControlVar_timetocollect Time="17" />
	<ControlVar_timetocollect Time="12" />
</Cvars>
