<?xml version="1.0"?>
<Cvars>
	<TimePlayed Time="141" />
	<Enemieskilled Total="35" />
	<Ammunitionused Total="53" />
	<Accuracy Percentage="66" />
	<ControlVar_timetocollect Time="11" />
	<ControlVar_timetocollect Time="12" />
	<ControlVar_timetocollect Time="14" />
	<ControlVar_timetocollect Time="4" />
	<ControlVar_timetocollect Time="22" />
	<ControlVar_timetocollect Time="13" />
	<ControlVar_timetocollect Time="5" />
	<ControlVar_timetocollect Time="20" />
	<ControlVar_timetocollect Time="12" />
	<ControlVar_timetocollect Time="36" />
	<ControlVar_timetocollect Time="15" />
	<ControlVar_timetocollect Time="15" />
	<ControlVar_timetocollect Time="10" />
	<ControlVar_timetocollect Time="11" />
	<ControlVar_timetocollect Time="30" />
</Cvars>
