<?xml version="1.0"?>
<Cvars>
	<TimePlayed Time="187" />
	<Enemieskilled Total="61" />
	<Ammunitionused Total="82" />
	<Accuracy Percentage="74" />
	<ControlVar_timetocollect Time="4" />
	<ControlVar_timetocollect Time="6" />
	<ControlVar_timetocollect Time="2" />
	<ControlVar_timetocollect Time="5" />
	<ControlVar_timetocollect Time="11" />
	<ControlVar_timetocollect Time="46" />
	<ControlVar_timetocollect Time="10" />
	<ControlVar_timetocollect Time="14" />
	<ControlVar_timetocollect Time="24" />
	<ControlVar_timetocollect Time="15" />
	<ControlVar_timetocollect Time="1" />
	<ControlVar_timetocollect Time="6" />
	<ControlVar_timetocollect Time="17" />
	<ControlVar_timetocollect Time="17" />
	<ControlVar_timetocollect Time="14" />
	<ControlVar_timetocollect Time="17" />
	<ControlVar_timetocollect Time="5" />
	<ControlVar_timetocollect Time="5" />
	<ControlVar_timetocollect Time="21" />
	<ControlVar_timetocollect Time="10" />
	<ControlVar_timetocollect Time="38" />
	<ControlVar_timetocollect Time="14" />
	<ControlVar_timetocollect Time="4" />
	<ControlVar_timetocollect Time="9" />
</Cvars>
