<?xml version="1.0"?>
<Cvars>
	<TimePlayed Time="80" />
	<Enemieskilled Total="20" />
	<Ammunitionused Total="42" />
	<Accuracy Percentage="47" />
	<ControlVar_timetocollect Time="2" />
	<ControlVar_timetocollect Time="3" />
	<ControlVar_timetocollect Time="4" />
	<ControlVar_timetocollect Time="1" />
	<ControlVar_timetocollect Time="20" />
	<ControlVar_timetocollect Time="5" />
	<ControlVar_timetocollect Time="20" />
	<ControlVar_timetocollect Time="2" />
	<ControlVar_timetocollect Time="2" />
</Cvars>
