<?xml version="1.0"?>
<Cvars>
	<TimePlayed Time="118" />
	<Enemieskilled Total="42" />
	<Ammunitionused Total="61" />
	<Accuracy Percentage="68" />
	<ControlVar_timetocollect Time="1" />
	<ControlVar_timetocollect Time="2" />
	<ControlVar_timetocollect Time="4" />
	<ControlVar_timetocollect Time="2" />
	<ControlVar_timetocollect Time="17" />
	<ControlVar_timetocollect Time="1" />
	<ControlVar_timetocollect Time="32" />
	<ControlVar_timetocollect Time="8" />
	<ControlVar_timetocollect Time="13" />
	<ControlVar_timetocollect Time="26" />
	<ControlVar_timetocollect Time="27" />
	<ControlVar_timetocollect Time="11" />
	<ControlVar_timetocollect Time="7" />
	<ControlVar_timetocollect Time="1" />
	<ControlVar_timetocollect Time="27" />
</Cvars>
