<?xml version="1.0"?>
<Cvars>
	<TimePlayed Time="106" />
	<Enemieskilled Total="33" />
	<Ammunitionused Total="41" />
	<Accuracy Percentage="80" />
	<ControlVar_timetocollect Time="1" />
	<ControlVar_timetocollect Time="2" />
	<ControlVar_timetocollect Time="4" />
	<ControlVar_timetocollect Time="8" />
	<ControlVar_timetocollect Time="9" />
	<ControlVar_timetocollect Time="1" />
	<ControlVar_timetocollect Time="5" />
	<ControlVar_timetocollect Time="21" />
	<ControlVar_timetocollect Time="6" />
	<ControlVar_timetocollect Time="3" />
	<ControlVar_timetocollect Time="26" />
	<ControlVar_timetocollect Time="2" />
	<ControlVar_timetocollect Time="2" />
</Cvars>
